{"Alaska": [0.10122480332840189, 0.2384628049672956, 0.08835983066970561, -0.04444770240550143, 0.47122550341122776, -0.30085686243697984, -0.32864796631721727, 0.00026976182492318226, 1.2944997757008608e-08, 283.4849788315667, 719352.694500121, 194.10625818816553], "Alabama": [0.07531666311500464, 0.10851465814602582, 0.03733277148045684, -0.09653240287532847, 0.5978054430016331, -0.23267292615757318, -0.4798880072008066, 0.002340728089738205, 6.366810551916525e-09, 36120.9841606653, 4218133.827411895, 9896.66973293235], "Arkansas": [0.08061961867180716, 0.08401193077258459, -0.011564903797653087, -0.0970882761736217, 0.5094800664924983, -0.09161473384298836, -0.47626786267487575, 0.0024272650522911333, 2.0049668431922853e-06, 19090.646464304584, 2424469.5702585457, 5899.149056116649], "Arizona": [0.07461506904906842, 0.0595829552365436, -0.059755421555736266, 0.08069113282667235, 2.3550131446761484, 1.3904112302995317, -0.820732989355013, 0.0021144386611322242, 2.1537224039661278e-07, 12583.340506249422, 7238823.947100939, 15338.481496634164], "California": [0.06951861670032042, 0.18209510074925347, 0.05618778131319602, -0.12277630385901395, 0.5542815550507514, -0.311031911853215, -0.3982789339223729, 0.00142837209027816, 1.6610684715513765e-08, 164283.67045027541, 37273484.020499736, 53316.56016880591], "Colorado": [0.09717077472607177, 0.2719634918400833, 0.15031847470987536, -0.05202286635469733, 0.6268029543756324, -0.3128138901715716, -0.38126388987106674, 0.0011039693339880306, 1.8707207182832948e-08, 5771.702290421652, 5593928.869847587, 6182.350933407138], "Connecticut": [0.2597370632695736, 0.1993564966793529, 0.046693026793126174, -0.15768696051238268, 0.408532512636656, -0.2944421457278798, -0.4634577982453765, 0.0012693331338908148, 1.1536029537795573e-09, 0.002340259238554657, 3497419.952300288, 4445.033256579468], "District of Columbia": [0.10073902952306327, 0.29293453452523766, 0.27802446553582294, -0.1899471213533772, 0.47473031358810525, -0.37450469876022563, -0.5131189204123459, 0.001940408375353156, 8.194988319400747e-10, 2670.994518719362, 668982.4138041585, 1300.5654874750455], "Delaware": [0.07996894447180333, 0.2630578719027365, 0.38242997599418027, -0.06358197079145836, 0.3500783465924036, -0.3668429990147876, -0.6242231230939409, 0.0014747996564392705, 1.6756061353921985e-07, 1862.3976110684148, 943995.3246052528, 1394.2599295373118], "Florida": [0.09297610899249842, 0.19441879601042272, 0.012349271617926467, -0.1093057601274624, 0.49087775573679804, -0.27838920488246344, -0.40191041282807055, 0.0010877615778080985, 3.691244120796085e-06, 87040.87849480259, 19453933.94592245, 21184.285335232136], "Georgia": [0.07574439285407268, 0.12042709442570573, 0.0037438250801637863, -0.10251189777918382, 0.6385234459330952, -0.24903610687081407, -0.40136418838324106, 0.0015802185943707553, 3.009756588804643e-09, 116478.88091568556, 9234195.40029785, 14615.142395375326], "Hawaii": [0.1800675919682176, 0.25918258658646476, 0.03042543839301634, -0.010632596339569336, 0.4687328309260226, -0.34788376114227637, -0.4450311264307091, 0.00021142495272720208, 9.250980900631086e-09, 12.42605114086624, 1375931.0561090624, 291.02518965406165], "Iowa": [0.09079550631386399, 0.1840581537038879, 0.04663365119801299, -0.10470643131370094, 0.5352349947385053, -0.26604745120875795, -0.39953280357109155, 0.001979706495149988, 5.787416230214507e-08, 4817.051882438312, 2922714.4738478055, 5797.594344158277], "Idaho": [0.08201803470360938, 0.1108419183744736, 0.08166111360776238, -0.1062987438406707, 0.4927928125239185, -0.12487079195604212, -0.39385787239831926, 0.0011673896640523296, 6.466637472112095e-09, 7394.558925627959, 1602513.0958084995, 1872.9437644145582], "Illinois": [0.09886091270756413, 0.2549837936511501, 0.2124744887081956, -0.05651935483800227, 0.5145908586704522, -0.28823256847081313, -0.439402469971833, 0.00171570200155258, 5.263712871406703e-08, 18145.251827635067, 12169494.89447248, 20915.11083936537], "Indiana": [0.09085481149748531, 0.2037685971547681, 0.08237439778261743, -0.12041467233369366, 0.4967736232069189, -0.28978803484807664, -0.4460176512352512, 0.0019433514510648739, 2.0321838228292565e-07, 12074.174393356083, 6255452.532736303, 12180.213191540503], "Kansas": [0.08116964818966557, 0.13760422485703194, 0.028369864487089176, -0.09182127503799498, 0.591761829377154, -0.24564897249003692, -0.5023695209466796, 0.001771758683772431, 3.3056950262156995e-08, 7619.339805047266, 2642850.0776877026, 4690.803586100804], "Kentucky": [0.07775911624332169, 0.11702829091541705, 0.04108108319627511, -0.1072605422878365, 0.4628860394846329, -0.19952300044382434, -0.3839072998379691, 0.0017784071835179774, 5.8038220553119116e-08, 21223.874492610044, 3871845.0349368374, 6897.984448695427], "Louisiana": [0.10769159984487289, 0.21199112732054465, 0.06766671538094365, -0.05109650748555519, 0.5192048349391791, -0.27068667438929617, -0.407503032370659, 0.0019838493475754955, 2.05716304839858e-06, 22596.26245160741, 4300272.797470668, 8548.051423837793], "Massachusetts": [0.31539072178069444, 0.23348301369384433, 0.005365639312402241, -0.06632484290171965, 0.46893125874810315, -0.2750605347198195, -0.4246487343542177, 0.0011519480884194372, 1.6037883398026934e-09, 0.004604361500042056, 6796372.5171765685, 7838.097410676871], "Maryland": [0.09263048902828791, 0.20264892290751108, 0.12669658141654389, -0.10410202824769477, 0.4818431333918899, -0.3233332048155929, -0.3927333669634898, 0.0017526773531198192, 1.636095406308e-08, 27300.45067036664, 5568350.753458889, 9776.657586155556], "Maine": [0.07326333871766205, 0.14518133527483623, 0.016211933628699375, -0.09617242792233077, 0.585673385485721, -0.24038059044742055, -0.37978749003943224, 0.0006240659646480796, 2.3372884927293114e-08, 7514.62844948571, 1242903.6580500714, 776.138258543558], "Michigan": [0.26976016720196333, 0.11498307260131457, 0.002850841958135594, -0.062212978758656015, 0.46361024378393445, -0.26581561645569296, -0.43262744968991085, 0.0005773676019968298, 1.1723797391943477e-09, 0.0010637455036828156, 9894480.258325858, 5716.0526033389715], "Minnesota": [0.08737519999803184, 0.23672651067753248, 0.21408393409468868, -0.07331995405543318, 0.5498542695168602, -0.30367586311248945, -0.42988803277876964, 0.0012809610686572055, 2.4606530518596752e-09, 5935.206678076078, 5439562.721212347, 6976.805092104494], "Missouri": [0.08764979126522365, 0.17082119629342052, 0.044201021721315834, -0.1085097715614185, 0.4948337097533484, -0.2874626198921104, -0.39813513331034256, 0.0018527374791059027, 7.292385585930789e-08, 12242.377114477102, 5577854.174878356, 10353.481765656961], "Mississippi": [0.07507078972515766, 0.03151800115407757, 0.2765711649878686, 0.7106786776863443, 0.7218302394466372, -0.5575376718977672, -0.6612496024287454, 0.002409560485624941, 2.0737058706676386e-06, 10217.11359472179, 2902812.8447183957, 7011.39750890952], "Montana": [0.09303448635186667, 0.0991227774836815, 0.04648905724760506, -0.3026940875676629, 0.40881412281744356, 0.24150534365542914, -0.2091970167954761, 0.001612164817913468, 1.198214684149072e-09, 6075.841983639335, 944808.8776324872, 1525.4734972082254], "North Carolina": [0.09657734800880148, 0.14137073751610002, 0.012589955019382329, -0.11415858916449456, 0.504184976134736, -0.2051308148173478, -0.4363585942812729, 0.0009249992760075815, 2.524433633040613e-07, 24337.30463724503, 8951374.820386242, 8287.681370690603], "North Dakota": [0.09664167924610206, 0.20741076944550035, 0.0770740695228602, -0.09251053843751732, 0.5065322488646249, -0.29022498759105975, -0.40536637313909285, 0.0022178585440612106, 3.5582808281252274e-08, 416.36903161162104, 722144.040001621, 1605.1733716025867], "Nebraska": [0.08927786672858584, 0.18828903011234058, 0.06906262564198887, -0.13042806381883362, 0.47650189235812657, -0.26316695691922365, -0.3881441570045532, 0.001442997266662136, 3.335141171567181e-08, 1940.945771381182, 1806055.6776580866, 2609.899484122529],